Ticker,numShares
A,309651008
AA,185919008
AAL,422894016
AAOI,20120200
AAP,69259400
AAPL,4334329856
AAT,60067900
AAWW,26126600
AAXN,59824300
ABBV,1476669952
ABEO,83622096
ABG,19278600
ABM,66589300
ABMD,45008700
ABT,1768850048
ABTX,20403000
AC,3401380
ACA,48210800
ACAD,155860992
ACBI,21484600
ACC,137604000
ACCO,94462096
ACHC,88942496
ACIA,41787200
ACIW,115599000
ACM,160086000
ACNB,8669910
ACOR,47985300
ACRE,33389000
ACRS,41832200
ACRX,80415800
ACTG,50385300
ADBE,483268000
ADC,53853800
ADI,368220000
ADM,555496000
ADMA,86345296
ADMS,28158200
ADNT,93793400
ADP,429774016
ADPT,125238000
ADRO,80837104
ADS,47628000
ADSK,219520992
ADSW,89903400
ADT,770147968
ADTN,48083900
ADUS,15559300
ADVM,79681296
AEE,246736992
AEGN,30683600
AEIS,38265600
AEL,91524600
AEP,494832992
AERI,46468300
AES,664768000
AFG,89857296
AFI,21520200
AFIN,108475000
AFL,717507968
AFMD,76249904
AGCO,75054096
AGE,37656400
AGIO,68889400
AGLE,29147500
AGM,9180970
AGNC,567699968
AGO,92270200
AGR,309004992
AGS,35534600
AGX,15645000
AGYS,23656900
AHH,56492100
AHT,103266000
AIMC,64647100
AIMT,65222900
AIN,30700000
AIR,35100700
AIT,38707000
AIZ,59735800
AJG,189620992
AJRD,78527800
AJX,22921900
AKAM,162000000
AKBA,130266000
AKCA,101074000
AKR,86845000
AKRO,28671200
AKRX,132990000
AKTS,36389000
AL,113635000
ALB,106319000
ALBO,14978200
ALCO,7479670
ALDX,29670400
ALEC,78992896
ALEX,72306496
ALG,11837500
ALGT,16370400
ALK,122585000
ALKS,158739008
ALL,314116000
ALLE,92220200
ALLK,48665700
ALLO,125331000
ALLY,373156000
ALNY,114819000
ALOT,7069570
ALRM,48704100
ALSN,113177000
ALTM,74929296
ALTR,41776100
ALX,5107290
ALXN,220827008
AM,476494016
AMAG,34270000
AMAL,31000300
AMAT,918305024
AMBA,34339400
AMBC,45779000
AMC,52472500
AMCX,40556200
AMD,1171190016
AME,229190000
AMED,32370300
AMG,47238500
AMGN,588246976
AMH,300291008
AMK,72390096
AMKR,241148992
AMN,46854400
AMNB,10965500
AMOT,9734550
AMP,122300000
AMPH,46235800
AMPY,37566400
AMRC,29567700
AMRX,147300992
AMSF,19302800
AMSWA,30368500
AMT,443305984
AMTB,28879600
AMWD,16925200
AMZN,498776000
AN,89474400
ANAB,27277100
ANDE,33532600
ANET,75704496
ANF,61597700
ANGO,37694800
ANH,98919600
ANIK,14269400
ANIP,12089600
ANSS,85595400
AOBC,55068300
AON,231084992
AOS,135096000
AOSL,25076000
APA,377417984
APAM,60647300
APD,220855008
APEI,15398200
APLE,223316992
APLS,75499200
APLT,21969300
APOG,26507900
APPF,16712300
APPN,34562600
APPS,86741104
APRE,20990500
APTS,47583000
APY,77505200
AQUA,116975000
AR,268390000
ARA,32996700
ARAY,90467000
ARCB,25262500
ARCH,15142700
ARD,18660000
ARDX,89056800
ARE,126195000
ARES,132397000
ARGO,34499500
ARI,153823008
ARLO,77359504
ARMK,252616000
AROC,152926000
AROW,14982100
ARQT,38089000
ARTNA,8410250
ARVN,39149600
ARW,78667800
ASB,153690000
ASC,33225500
ASGN,52443500
ASH,60456000
ASMB,32707300
ASPS,15570400
ASRT,81344800
ASTE,22551800
ATEN,78709696
ATEX,17166300
ATGE,51802400
ATH,194224000
ATHX,196475008
ATKR,47187500
ATLO,9122750
ATNI,15979400
ATNX,81648800
ATO,122312000
ATR,64186800
ATRA,58952000
ATRC,40072500
ATRO,23205700
ATRS,165560000
ATUS,412128000
ATVI,770484992
AUB,78710400
AVA,67291296
AVAV,23995100
AVD,30178700
AVGO,399791008
AVID,43210500
AVLR,78010304
AVNS,47756600
AVRO,36030700
AVT,98746704
AVTR,574929984
AVY,83340000
AVYA,92983696
AWI,48959300
AWK,181023008
AWR,36883800
AX,59655700
AXAS,168400000
AXE,34001500
AXGN,39761900
AXL,113038000
AXNX,34519000
AXP,804972032
AXS,84298000
AXSM,37075400
AXTA,235268992
AXTI,40826700
AYI,39641500
AYX,52843400
AZO,23352400
AZPN,67600200
AZZ,26148000
B,50442500
BA,564324992
BAC,8675609600
BAH,140215008
BANC,49593100
BAND,19432600
BANF,32646700
BATRA,10312700
BATRK,39898700
BAX,508836000
BBBY,126553000
BBIO,121368000
BBSI,7537060
BBX,78106096
BBY,257503008
BC,79356096
BCBP,17264900
BCC,39196600
BCEI,20699100
BCEL,22153400
BCO,50435900
BCOR,47842900
BCOV,38977100
BCPC,32316700
BCRX,154256992
BDC,44517500
BDGE,19721900
BDSI,98580200
BDTX,35910700
BDX,282876000
BE,90231104
BEAM,49663100
BEAT,34144800
BECN,68805800
BELFB,10123600
BEN,495305984
BERY,132500000
BFA,169084000
BFAM,60319000
BFB,224840000
BFC,7155960
BFIN,15042300
BFS,23216100
BFST,20657000
BG,142146000
BGCP,310932992
BGG,42478200
BGS,64117400
BGSF,10309200
BH,2068640
BHB,15587400
BHE,36415500
BHF,98422704
BHLB,50199000
BHVN,58290600
BIG,39228800
BIIB,166087008
BILL,72333600
BIO,24840900
BJ,138524000
BJRI,18760600
BKD,188014000
BKE,49408200
BKH,62749700
BKI,149916000
BKNG,40930700
BKR,655035008
BKU,92406304
BL,56386600
BLBD,26839800
BLD,33327200
BLDR,116611000
BLK,154263008
BLKB,49621200
BLL,325784992
BLMN,87475800
BLUE,55637500
BLX,39614000
BMCH,66984200
BMI,29117400
BMRC,13566000
BMRN,180836992
BMTC,19921500
BNED,48297600
BNFT,32023000
BOCH,17243600
BOKF,70308496
BOMN,22455100
BOOM,14751200
BOOT,28771500
BOX,152014000
BPFH,81800496
BPMC,54190000
BPRN,6768410
BPYU,57337000
BR,114803000
BRBR,39428600
BRC,49811300
BREW,19545300
BRG,23422600
BRKR,154202000
BRKS,73759000
BRO,283404000
BRP,19984700
BRT,16200000
BRX,298016000
BRY,79723504
BSET,10103700
BSIG,80957000
BSTC,7339370
BSX,1399350016
BTAI,20182400
BTU,97700000
BURL,65748800
BV,104845000
BWA,207310000
BWB,28807400
BWXT,95228600
BXG,72484304
BXMT,135356000
BXP,155315008
BXRX,17570000
BXS,104487000
BY,38383000
BYD,111607000
BYND,61857400
BYSI,27816000
CABO,5715380
CAC,14951600
CACC,18151100
CADE,125898000
CAG,487076000
CAI,17506500
CAKE,45461300
CALA,64692700
CALX,56624400
CAMP,34325700
CAR,69555800
CARA,46727700
CARG,92655400
CARS,67144800
CASA,83040096
CASI,100915000
CASY,36793600
CAT,541238976
CATC,5417980
CATM,44454300
CATY,79420304
CBAY,68882496
CBL,191967008
CBMG,19391300
CBOE,109720000
CBSH,112087000
CBT,56679600
CBTX,24949000
CBU,52031000
CBZ,54420900
CC,164218000
CCBG,16748900
CCF,9423950
CCI,416751008
CCMP,29227200
CCNE,15397100
CCO,467304992
CCRN,36859700
CCS,33332500
CCXI,61792700
CDAY,144838000
CDEV,276020000
CDK,121528000
CDLX,26956000
CDMO,56482200
CDNA,43784200
CDNS,279187008
CDW,142258000
CDXS,58900400
CE,118229000
CEIX,26029200
CELC,10254000
CENT,11329100
CENTA,41802700
CENX,89461000
CERN,304348992
CERS,163988000
CEVA,22192200
CF,213796992
CFB,52098100
CFFI,3648660
CFFN,141512000
CFG,426587008
CFMS,71558304
CFR,62553400
CFX,118327000
CGNX,171688000
CHCO,16313100
CHCT,22163900
CHD,245892992
CHDN,39434700
CHEF,31031900
CHGG,123646000
CHH,55846300
CHMA,42255700
CHMG,4905000
CHMI,16896600
CHNG,303424000
CHRA,29888200
CHRS,70883000
CHS,120283000
CHTR,234196000
CHUY,16643400
CI,369316992
CIA,49341100
CINF,160802000
CIO,54547100
CIR,19984700
CIT,98366704
CIVB,16064000
CIX,12443100
CL,856528000
CLBK,116158000
CLDR,287151008
CLDT,46958100
CLGX,79411400
CLH,55579200
CLNC,128366000
CLNE,203696000
CLPR,17814700
CLR,365111008
CLVS,76900896
CLW,16570900
CLX,125934000
CLXT,32990600
CMA,139035008
CMC,119062000
CMCO,23700000
CMD,42141500
CME,358584992
CMG,27890700
CMI,147526000
CMLS,15932900
CMP,33904600
CMPR,25878400
CMRE,119783000
CMRX,61740600
CMS,286220992
CNA,271376000
CNBKA,3652350
CNC,579129024
CNCE,29653300
CNDT,211511008
CNK,117149000
CNMD,28528200
CNNE,79516800
CNO,143610000
CNP,502615008
CNR,126142000
CNS,47756100
CNST,41822100
CNX,187059008
CNXN,26107500
COF,455310016
COG,398576000
COHR,24166700
COHU,41461400
COKE,7141450
COLB,71575504
COLD,200272000
COLL,34306000
COLM,66117800
COMM,195284000
CONE,115200000
CONN,28697400
COOP,91970000
COP,1072430016
COR,37903400
CORE,45086100
CORT,114602000
COST,441580000
COTY,760654016
COUP,66640900
CPA,31337900
CPB,301744992
CPE,397003008
CPK,16435800
CPLG,58051200
CPRI,149364992
CPRT,233704992
CPRX,103412000
CPS,16884500
CPSI,14512100
CPT,99629600
CR,57978500
CRAI,7789230
CRBP,72490400
CREE,108160000
CRI,43606300
CRL,49484800
CRMT,6614110
CRNC,36438500
CRNX,32846000
CROX,68268304
CRS,47805000
CRTX,29410100
CRUS,58628100
CRVL,18104700
CRY,37740400
CSCO,4240880128
CSFL,124132000
CSGP,36726400
CSGS,33075000
CSII,35247700
CSL,54912900
CSLT,114228000
CSOD,60717400
CSTE,34401100
CSTL,17203500
CSTR,18307800
CSV,17873300
CSWI,15125900
CSX,765465984
CTAS,104050000
CTB,50266100
CTBI,17819900
CTLT,154898000
CTMX,45922600
CTO,4710840
CTRA,18254900
CTRE,95468800
CTRN,11650100
CTS,32354100
CTSH,541054976
CTT,48742000
CTVA,749283008
CTXS,123451000
CUBE,194043008
CUBI,31470000
CUE,27674200
CULP,12274400
CVA,131599000
CVBF,135880992
CVCO,9141190
CVCY,12475400
CVET,111854000
CVGI,31975700
CVGW,17600000
CVI,100531000
CVIA,132024000
CVLT,46601000
CVLY,9762680
CVNA,64063000
CVS,1307090048
CVTI,15497600
CW,42521700
CWEN,79329800
CWH,37539800
CWK,219500000
CWST,47319900
CWT,48714000
CXO,196702000
CXP,114413000
CXW,119629000
CYCN,27754900
CYH,119665000
CZNC,13763000
CZR,683987008
D,839251008
DAKT,45075700
DAL,637825984
DAN,144482000
DAR,161858000
DBD,77642200
DBX,277096000
DCI,126771000
DCO,11648700
DCOM,33875400
DCPH,55859300
DE,314808000
DEA,75116704
DECK,27987600
DEI,175375008
DELL,253250000
DFIN,33733400
DFS,306300992
DG,251515008
DGICA,23277000
DGII,28890100
DGX,133732000
DHC,237894000
DHI,363537984
DHX,53097000
DIN,16418400
DIS,1806269952
DISCA,160020000
DISCK,340161984
DISH,284616000
DJCO,1380750
DKS,65004200
DLA,6890120
DLB,64434400
DLR,268211008
DLTH,29359900
DLTR,237231008
DLX,42188300
DMRC,12642300
DNKN,82111400
DNLI,105605000
DNOW,110353000
DOC,202556992
DOCU,181456000
DOMO,25544800
DOOR,24447000
DORM,32443300
DOV,143947008
DOW,740731008
DOX,134580000
DPZ,39117900
DRH,199819008
DRI,129823000
DRNA,73842800
DRQ,35060700
DS,67070500
DSKE,64589100
DSPG,23201600
DSSI,40332200
DT,280801984
DTE,192612000
DTIL,51414900
DVA,121800000
DXC,253720992
DXCM,92344896
DY,31601900
EA,289673984
EAF,267179008
EAT,36906400
EB,63047900
EBAY,700852992
EBF,26061100
EBS,52427800
EBSB,52402400
EBTC,11825300
ECHO,26614700
ECL,289166016
ECOM,28258200
ECOR,29959600
ECPG,31097900
ED,333976000
EDIT,54982600
EE,40787600
EEFT,52199400
EFC,43839900
EFX,121385000
EGBN,32197300
EGRX,13679400
EHC,99400000
EHTH,25527700
EIDX,38528800
EIG,30373600
EIGI,138860992
EIGR,24570400
EIX,363560992
EL,224763008
ELAN,397976000
ELF,49958100
ELOX,40125500
ELS,182147008
ELVT,42989800
ELY,94108000
EME,54846300
EML,6230730
EMN,135894000
EMR,597475008
ENDP,229704992
ENPH,125212000
ENR,69432800
ENS,42308900
ENSG,53665700
ENTA,19924400
ENTG,134607008
ENV,53195800
ENVA,30039200
ENZ,47557600
EOG,582054976
EOLS,33728000
EPAM,55594600
EPAY,44007600
EPC,54303400
EPM,33101200
EPR,77571904
EPRT,91949800
EPZM,101061000
EQBK,15199000
EQIX,85927000
EQR,372104000
EQT,255454000
ERA,21525400
ERI,77811200
ERIE,46189100
ERII,55546400
EROS,116469000
ES,336292000
ESCA,14096900
ESGR,18620900
ESI,248752992
ESNT,98601600
ESPR,27617400
ESQ,7669440
ESRT,174446000
ESS,65412000
ESSA,11105900
ESTC,81720600
ESXB,22317400
ETH,25929400
ETM,130574000
ETRN,230134000
ETSY,118591000
EV,114257000
EVBG,34343000
EVC,59815200
EVER,16500700
EVH,85474896
EVLO,32333000
EVOP,41356100
EVR,40535600
EVRG,226740000
EVRI,84457800
EVTC,71865296
EW,206555008
EWBC,141435008
EXC,973929984
EXEL,306659008
EXLS,34316100
EXPD,166192992
EXPI,66652900
EXPO,51538900
EXPR,64456400
EXR,129039000
EXTN,33165000
EXTR,118018000
EYE,81205400
EZPW,52651200
FAF,111421000
FANG,157816000
FARM,17231500
FARO,17719300
FAST,572819008
FATE,75937400
FB,2404549888
FBHS,137947008
FBIZ,8587450
FBK,32074700
FBM,43201100
FBMS,21399900
FBNC,29040800
FC,13869700
FCAP,3377880
FCBC,17691200
FCBP,11662000
FCCY,10201300
FCF,98015400
FCN,37098300
FCNCA,9163220
FCPT,70323800
FCX,1451960064
FDEF,37285700
FDP,47719900
FDS,37871700
FE,541753984
FELE,46164200
FET,111445000
FEYE,222844000
FF,43743200
FFBC,97968896
FFG,24655300
FFIC,28213600
FFIN,142222000
FFIV,60896500
FFNW,10184400
FFWM,44615500
FGEN,89068800
FHB,130351000
FHI,100938000
FHN,311863008
FI,225710000
FIBK,43161800
FIS,617737024
FISV,676336000
FIT,237407008
FITB,711305984
FIVE,55734300
FIVN,61990800
FIX,36471000
FIXX,45213100
FIZZ,46616500
FL,104191000
FLDM,70706096
FLIC,23806900
FLIR,130842000
FLMN,46530500
FLO,211563008
FLOW,42639500
FLR,140174000
FLT,83770704
FLWS,35754000
FLXN,38562500
FLXS,8000660
FMAO,11129400
FMBH,16702500
FMBI,114213000
FMNB,28317000
FN,36722000
FNB,322673984
FND,102312000
FNF,272014016
FNKO,34953400
FNLC,10920800
FNWB,10433000
FOCS,47421300
FOE,82241504
FOLD,257532000
FOR,48036400
FORM,76158200
FORR,18757800
FOX,262024000
FOXA,344808992
FOXF,38602800
FPI,31769800
FPRX,36673300
FR,127208000
FRAF,4338000
FRBA,20265600
FRC,171288000
FRGI,25969400
FRME,53754100
FRPH,9766910
FRPT,40266200
FRT,75633000
FRTA,65112800
FSB,14859700
FSBW,4332200
FSCT,49256900
FSLR,105884000
FSP,107269000
FSS,60242600
FSTR,10706400
FTDR,85381104
FTK,58951800
FTNT,161212000
FTSI,107576000
FTV,336856000
FUL,51411100
FULC,23363200
FULT,163840992
FWONA,25834400
FWONK,203371008
FWRD,27974700
G,190200992
GATX,34900000
GBL,8671070
GBLI,10185500
GBT,60940300
GBX,32667700
GCAP,37803800
GCBC,8513410
GCI,132058000
GCO,14700200
GCP,72901400
GD,
GDDY,165068000
GDEN,28050700
GDOT,52905000
GDP,12534000
GE,8747089920
GEF,26260900
GEN,108164000
GENC,12277300
GEOS,13661500
GERN,200362000
GES,65639100
GFF,47431100
GFN,30625800
GGG,166598000
GH,94543400
GHC,4273800
GHL,18771800
GHM,9891050
GIII,48009300
GILD,1254370048
GIS,606139008
GKOS,44179600
GL,107397000
GLIBA,101320000
GLNG,99300000
GLOG,80547800
GLPI,215118000
GLRE,30886500
GLT,44311700
GLUU,150032000
GLW,760947968
GLYC,43583000
GM,1431079936
GMS,42320700
GNC,84609000
GNMK,61889700
GNRC,62681500
GNTX,246798000
GNTY,11169700
GNW,505126016
GO,90006600
GOGO,83504096
GOLF,74277200
GOOD,33934900
GOOG,336161984
GOOGL,300049984
GORO,70026000
GOSS,66347900
GPC,144260000
GPI,18108900
GPMT,55136900
GPN,299009984
GPRE,35494100
GPRO,128638000
GPS,372639008
GPX,17080700
GRA,66172000
GRC,26091500
GRIF,5128410
GRPN,567889984
GRTS,37076400
GRUB,91916600
GS,343887008
GSBC,14083800
GSHD,16071600
GT,232998000
GTES,290721984
GTHX,37737300
GTLS,35955700
GTS,24110200
GTT,57570200
GTYH,53592800
GVA,46741300
GWB,55013900
GWRE,82885696
GWRS,22537400
GWW,53673100
H,35570100
HAE,50298000
HAIN,104385000
HAL,877278016
HALO,138068992
HAS,137007008
HASI,69549000
HAYN,12556900
HBAN,1014220032
HBB,9551620
HBCP,9067920
HBI,348035008
HBMD,18715700
HBNC,43763600
HBT,27457300
HCA,337619008
HCAT,38094500
HCC,51167700
HCCI,23257900
HCI,7906640
HCSG,74416000
HD,1090829952
HDS,161986000
HEES,35920100
HEIA,40288500
HFWA,35888500
HGV,84987200
HHC,55063300
HI,74718704
HIFS,2135750
HIG,358075008
HII,40723900
HIW,103886000
HL,523247008
HLF,137676000
HLI,46300700
HLIO,32081400
HLIT,96579504
HLNE,29834700
HMHC,125406000
HMN,41238300
HMST,23395000
HMSY,88410896
HMTV,20184400
HNI,42647400
HOFT,11838400
HOG,153135008
HOLX,258206000
HOMB,165148000
HOME,64106100
HONE,58418000
HP,107418000
HPE,1288339968
HPP,153296000
HPQ,1429760000
HPR,213670000
HQY,71051000
HR,134919008
HRB,192475008
HRC,66555500
HRI,29111200
HRL,537776000
HRTG,28212100
HSC,78779904
HSIC,142756000
HSII,19274900
HSTM,31997500
HSY,147396000
HTBI,17543500
HTBK,59568200
HTLD,81345000
HTLF,36807200
HUBB,54201100
HUBG,33544300
HUBS,43627100
HUD,39279600
HUM,132206000
HUN,220534000
HURC,6803160
HURN,22849000
HWC,86275000
HY,12920300
HZO,21475000
IAA,133513000
IBKR,76751200
IBM,887891968
IBOC,63868600
IBP,29662300
IBTX,43041800
ICE,547222016
ICFI,18827300
ICHR,22808500
ICPT,32733400
ICUI,20809800
IDA,50453900
IDXX,84933000
IESC,21073700
IEX,75391904
IFF,106802000
IGMS,24128100
IGT,204435008
IIIV,14552600
IIN,8781000
IIPR,17035700
IIVI,91059600
ILMN,147000000
ILPT,65185700
IMAX,58786800
IMGN,174406000
IMMR,29113300
IMMU,230900000
IMXI,38034400
INBK,9801820
INCY,217372992
INDB,32960000
INFN,183198000
INFO,398916000
INGN,22047600
INN,105174000
INOV,76111600
INSG,96180000
INSP,26676700
INSW,28843800
INTC,4233999872
INTU,260488992
INVA,101320000
INVH,543766976
INWK,52369700
IONS,139320992
IOSP,24560800
IOTS,30962100
IP,393040992
IPAR,31531400
IPG,389614016
IPGP,53027600
IPHI,47589700
IPI,129644000
IQV,190964000
IRBT,27884300
IRDM,132228000
IRM,287143008
IRT,91303600
IRTC,27039800
IRWD,159379008
ISBC,250200992
ISTR,10940000
ITCI,66200800
ITIC,1891180
ITRI,40204100
ITW,317518016
IVC,34419500
IVR,164966000
IVZ,458896000
J,130103000
JAX,14959200
JBGS,133600000
JBHT,105461000
JBL,150716992
JBLU,275601984
JBSS,8939390
JCAP,23271900
JCI,743862016
JCP,320982016
JEF,268830016
JELD,100475000
JHG,184914000
JILL,44288100
JJSF,18887900
JKHY,76719600
JLL,51630600
JNCE,34053100
JNJ,2636349952
JNPR,331352000
JOUT,8871010
JRVR,30520400
JWA,48424600
JWN,156346000
JYNT,13882900
K,342670016
KAI,11469500
KALA,55715900
KALU,15789600
KALV,17845600
KAMN,27832300
KAR,129168000
KBAL,36608200
KBR,142296992
KDMN,159831008
KDP,1407079936
KE,24987300
KEX,59997000
KEY,975406016
KEYS,187395008
KFRC,22733800
KFY,55044500
KHC,1221830016
KIDS,17818400
KIM,432510016
KIN,39289600
KLAC,155048992
KLXE,25287200
KMB,340547008
KMI,2261489920
KMPR,66828900
KMT,82914000
KMX,162575008
KN,91524896
KNL,50652600
KNSA,22285100
KNSL,22254600
KNX,169823008
KO,4294889984
KOD,44452700
KOP,20958800
KOS,405191008
KPTI,73121904
KR,788000000
KRA,31854500
KRC,115073000
KREF,55089500
KRNY,83689400
KRO,115529000
KRTX,26130100
KRYS,17385800
KSS,155246000
KTB,57042100
KURA,45436700
KVHI,17993200
KW,143544992
KWR,17816200
KZR,38177500
L,281430016
LAD,22163200
LADR,108338000
LANC,27516000
LAND,21346500
LASR,38362800
LAUR,118822000
LAWS,8996270
LAZ,104537000
LB,276532992
LBAI,50461600
LBC,52728100
LBRDA,26493300
LBRDK,152982000
LBRT,82295400
LCI,40343600
LCNB,12947000
LDL,17694600
LDOS,142044000
LE,32381600
LEA,59613100
LEG,132249000
LEN,274617984
LEVL,7730820
LFUS,24426000
LGIH,25074400
LHCG,31525600
LII,38247200
LILA,49003200
LILAK,131601000
LIN,532960000
LIND,49700000
LITE,74900000
LIVN,48579000
LIVX,58879500
LKFN,25701100
LKQ,307691008
LLNW,119659000
LLY,956449984
LM,88066000
LMAT,20178500
LMNR,17857700
LMNX,45789900
LMT,280435008
LNC,193216992
LNDC,29182200
LNN,10834800
LNT,245228992
LNTH,39756400
LOB,37793900
LOCO,35103600
LOGM,48770800
LOPE,47313300
LORL,21427100
LOVE,14472500
LOW,754948992
LPG,53837200
LPI,239402000
LPLA,78864096
LPSN,68081600
LPX,112206000
LQDA,28371700
LQDT,33988800
LRCX,145156000
LRN,40991700
LSCC,134623008
LSI,46902000
LSTR,38370500
LSXMA,101421000
LSXMK,203062000
LTC,39217800
LTHM,146176992
LTRPA,72167800
LULU,124315000
LUV,589385984
LVGO,97146200
LVS,763729984
LW,146039008
LXFR,28647500
LXU,29303200
LYB,333617984
LYFT,297996000
LZB,46032700
MA,993124992
MAA,114280000
MAC,141535008
MAN,58678900
MANH,63495700
MANT,27074000
MAR,324220992
MAS,263755008
MASI,54115400
MAT,346900000
MATW,31290100
MAXR,60143200
MBI,75483000
MBIN,28742500
MBIO,42137800
MBUU,20584600
MBWM,16205200
MC,55237900
MCB,8294800
MCBC,34108000
MCBS,25529900
MCD,743515008
MCHP,244696000
MCRB,72212600
MCRI,18171900
MCS,23056900
MCY,55357700
MD,85412400
MDB,48512100
MDC,63054500
MDGL,15429200
MDLA,138188000
MDP,40253500
MDRX,161896992
MDT,1340169984
MDU,200384000
MEDP,35374500
MEET,71803600
MEI,37091500
MESA,33039100
MET,909107008
METC,42713300
MFNC,10533600
MG,29035000
MGEE,34668400
MGLN,24969000
MGM,492691008
MGNX,49131200
MGRC,24149500
MGTA,39588700
MGTX,36840400
MGY,168419008
MHK,71184496
MHO,28523300
MIC,86853696
MIDD,55310000
MIK,147328000
MINI,44359900
MITK,41075900
MITT,32823500
MJCO,43235700
MKC,123641000
MKL,13775300
MKSI,54871400
MKTX,37910200
MLHR,58770200
MLI,56952100
MLM,62241400
MLP,19334100
MLVF,7777010
MMAC,5700650
MMC,506119008
MMI,39231700
MMS,63943500
MMSI,55337800
MNK,84455296
MNLO,135567008
MNR,97883104
MNRL,34173800
MNRO,33283800
MNSB,8260230
MO,1858370048
MOD,50807700
MODN,34277400
MOGA,
MOH,59200000
MORF,30602900
MORN,42793100
MOS,379020000
MOV,16424200
MPAA,18965000
MPB,8480940
MPC,650001024
MPW,522435008
MPWR,44715000
MPX,33972500
MRC,81995200
MRCY,55598700
MRLN,11931700
MRNA,329003008
MRNS,86732000
MRO,790417984
MRSN,58942300
MRTN,54840700
MRTX,43502800
MRVL,663100032
MSA,38858300
MSBI,23203000
MSCI,83595696
MSEX,17439800
MSFT,7583439872
MSGN,43122100
MSGS,19459800
MSM,45427000
MTCH,74169104
MTD,23980500
MTDR,116557000
MTEM,45705600
MTG,340860000
MTRX,26677200
MTSC,19235900
MTSI,66695500
MTX,34111700
MTZ,73752304
MU,
MUR,153572992
MUSA,29177600
MVBF,11949800
MWA,157762000
MXIM,266624992
MXL,72356704
MYE,35767900
MYGN,74554704
MYL,516944000
MYOK,46680800
MYRG,16685800
NAT,147231008
NATI,130595000
NATR,19473100
NAVI,193832000
NBHC,30562500
NBIX,92865104
NBN,9007230
NBTB,43587400
NC,5477530
NCBS,10412900
NCLH,214524992
NCMI,79625800
NCR,127800000
NCSM,47166100
NDAQ,164071008
NDLS,44144700
NDSN,57858500
NE,249812000
NEM,802585024
NEOG,52910800
NERV,39219100
NESR,87494896
NEWR,59253000
NEX,213736000
NFBK,49291900
NFG,86573600
NFLX,439804000
NG,328672000
NGHC,113750000
NGM,67762600
NGS,13382600
NGVC,22489900
NGVT,41208900
NHC,15339200
NHI,44650000
NINE,30491800
NJR,95570800
NKE,1240019968
NKSH,6489570
NLOK,600384000
NLSN,356476000
NLY,1430419968
NMIH,68873504
NMRK,156814000
NNI,28582100
NOC,166703008
NODK,21779300
NOV,388223008
NOVA,84026096
NOW,190704000
NP,16848000
NPK,7036070
NPO,20515500
NPTN,48662400
NRC,25108900
NRG,250542000
NRIM,6366100
NSA,68027200
NSC,256179008
NSIT,35494300
NSSC,18346000
NSTG,37707700
NTAP,221176992
NTCT,73855200
NTGR,29419000
NTLA,51358700
NTNX,179575008
NTRA,78656896
NTRS,208052000
NTUS,33802000
NUAN,282888000
NUE,301135008
NUS,52636700
NUVA,51248500
NVCR,100440000
NVDA,615134976
NVEE,12874400
NVR,3675950
NVRO,33998200
NVST,159198000
NVT,169850000
NVTA,125006000
NWBI,127593000
NWE,50568900
NWFL,6330560
NWLI,3436020
NWN,30435600
NWPX,9788000
NWS,199630000
NWSA,388636000
NX,32948000
NXGN,65701300
NXRT,25033600
NXST,45262900
NXTC,27516900
NYCB,463958016
NYT,165852992
O,343416000
OAS,323726016
OBNK,23475900
OC,107841000
OCUL,53364300
ODC,5415930
ODP,526337984
ODT,32063100
OEC,60992300
OFG,51419100
OFIX,19172700
OFLX,10094300
OGE,200176000
OGS,52865600
OHI,226902000
OI,156571008
OII,99267104
OIS,60941100
OKTA,116101000
OLED,47349700
OLLI,63749400
OLN,157851008
OLP,20152100
OMCL,42601400
OMER,54510700
OMF,134318000
ON,409451008
ONB,165108992
ONDK,58419300
ONEM,126100000
ONTO,48552400
OOMA,22067600
OPB,36360000
OPK,669828992
OPRT,27143800
OPTN,45906200
ORA,51035700
ORBC,78622400
ORC,66236600
ORCL,3153580032
ORI,303929984
ORLY,74199296
ORRF,11196700
OSBC,29706400
OSIS,18305000
OSK,68070704
OSPN,40313600
OSW,61218200
OTTR,40247400
OVBC,4787450
OVLY,8210640
OXM,16750400
OXY,916777024
OYST,21370500
PACB,154050000
PAG,80461104
PAHC,20287600
PANW,99704896
PAR,18243700
PATK,23594200
PAYC,58566100
PAYX,358715008
PB,94743504
PBCT,423510016
PBF,119987000
PBH,50265800
PBI,172627008
PBIP,8895470
PBPB,23638200
PBYI,39338500
PCAR,345727008
PCB,15370100
PCG,529785984
PCRX,42116800
PCSB,16898100
PCTY,53609100
PD,78425296
PDCE,99429696
PDCO,95806000
PDFS,32781600
PDLB,17299700
PDLI,117285000
PDM,125921000
PE,377577984
PEB,130973000
PEBO,20346800
PEGA,80090704
PEI,78840400
PEN,35072800
PENN,117004000
PEP,1394400000
PETQ,23889900
PETS,20166400
PFBI,14662300
PFE,5547639808
PFG,273868000
PFGC,132481000
PFIS,7343240
PFNX,34220400
PFPT,57296100
PFS,65770700
PFSI,79190200
PG,2469449984
PGC,18852500
PGNX,86596600
PGNY,84845800
PGR,585297984
PGRE,221750000
PGTI,59920500
PH,128217000
PHAT,28964500
PHR,36610800
PHX,16344200
PI,22677100
PII,61249300
PINC,71574096
PING,80071904
PIPR,17198400
PIRS,52320600
PJT,24074900
PK,239982000
PKBK,11849300
PKE,20518500
PKG,94842800
PKOH,12556800
PLAB,65119700
PLAN,136967008
PLAY,36756800
PLCE,14544500
PLD,738582016
PLMR,24254900
PLNT,79928000
PLOW,22857500
PLPC,4979830
PLSE,20869400
PLUS,13512800
PLXS,29186000
PM,1557129984
PMBC,22134400
PMT,100514000
PNC,424260000
PNFP,75800000
PNM,79653600
PNTG,28466900
PODD,63057900
POOL,39935500
POR,89488800
POST,69906704
POWI,29706100
POWL,11614000
PPC,246738000
PPD,348584000
PPG,235923008
PQG,136596000
PRAA,45540400
PRAH,63723400
PRFT,33150200
PRGO,136127008
PRGS,44788400
PRI,40127500
PRIM,48260400
PRK,16295500
PRLB,26612800
PRNB,33040800
PRO,43291700
PROS,43058300
PRSC,12960800
PRSP,161472000
PRTA,39911400
PRTK,42437600
PRTY,94491400
PRU,393800000
PRVL,34201700
PS,105526000
PSA,174792992
PSB,27479400
PSMT,30601300
PSN,100670000
PSNL,31474200
PSTG,260375008
PSX,436675008
PTC,115695000
PTCT,62792200
PTGX,27434700
PTLA,78483600
PUB,18787800
PUMP,100624000
PVAC,15157900
PVBC,19476200
PVH,72958304
PWOD,7040970
PWR,137646000
PYPL,1172889984
PZN,17212400
PZZA,32466200
QADA,17108800
QCOM,1124930048
QCRH,15773700
QEP,242182000
QLYS,39009000
QNST,51697400
QRTEA,387356992
QRVO,115685000
QTRX,28306900
QTS,60271400
QTWO,48963100
QUAD,40214700
R,53736000
RAMP,67362200
RARE,59652500
RAVN,35780200
RBB,19955400
RBBN,144744992
RBC,40655700
RBCAA,18743000
RC,51997900
RCII,55230600
RCKT,55157000
RCKY,7309120
RCL,209116992
RDFN,97607696
RDUS,46387400
REAL,86857904
REG,169616992
REGI,39048700
REI,67993800
REPH,23455200
REPL,36645600
RES,214432000
RETA,28166700
REVG,63258400
REXR,116327000
REYN,209700000
REZI,122873000
RF,959680000
RFL,15031700
RGCO,8112420
RGEN,52305700
RGLD,65573000
RGNX,37186200
RGP,32144400
RGR,17483200
RGS,35566200
RH,19238700
RICK,9258000
RILY,25948700
RLGY,115252000
RLI,44922700
RLJ,165276000
RM,11175000
RMAX,18124000
RMBI,13526600
RMBS,113273000
RMD,144668000
RMR,15300300
RMTI,69049104
RNET,19979300
RNG,77005904
RNR,44114100
ROAD,32705400
ROCK,32408900
ROG,18662100
ROK,115824000
ROKU,101744000
ROL,327767008
ROLL,25039700
ROP,104397000
ROSE,28811100
ROST,355387008
RP,96244000
RPAI,214122000
RPD,50419400
RPM,129491000
RRBI,7322530
RRGB,12882700
RRR,71140800
RS,63640800
RSG,318100000
RST,24575400
RTIX,73814800
RTX,1515160064
RUBI,107287000
RUBY,80428400
RUN,120330000
RUSHA,27532900
RUTH,29315100
RVI,19816000
RVMD,59000900
RVNC,57030200
RVSB,22748400
RWT,114838000
RXN,121809000
RYAM,63179900
RYI,38117400
RYN,129232000
RYTM,44091800
SABR,273756000
SAFE,51034700
SAFM,22237800
SAFT,15452800
SAGE,51917800
SAH,30677700
SAIA,26072700
SAIC,57922700
SAIL,90042896
SAM,9655560
SAMG,9505760
SASR,47322800
SATS,50115700
SAVE,68540000
SB,102264000
SBAC,111625000
SBBX,9417930
SBGI,55400000
SBH,116786000
SBNY,53519600
SBOW,11806700
SBRA,205559008
SBSI,33012000
SBT,50203100
SBUX,1168300032
SC,321118016
SCCO,773059008
SCHL,32614500
SCHN,26943100
SCHW,1287379968
SCI,178144000
SCL,22472600
SCS,89437696
SCSC,25345800
SCVL,14088500
SCWX,12119900
SD,35779500
SDGR,50101200
SDRL,100224000
SEAS,78211400
SEIC,147932000
SEM,133977000
SENEA,7418540
SERV,131923000
SF,68652200
SFBS,53844000
SFIX,56522100
SFL,119398000
SFM,117787000
SFNC,108948000
SGC,15314700
SGEN,173102000
SGH,23993000
SGMO,116211000
SGRY,49289900
SHAK,38173100
SHBI,12519600
SHEN,49842000
SHO,222854000
SHOO,83169104
SHW,90800000
SIBN,28427100
SIC,25181900
SIEN,50033400
SIGA,81047400
SIGI,59707600
SILK,31353900
SIRI,4379120128
SITE,41877800
SIVB,51490300
SIX,84686496
SJI,92447600
SJW,28493200
SKT,93076704
SKX,135319008
SKY,56665700
SKYW,50257400
SLAB,43687300
SLB,1387810048
SLCA,73807104
SLDB,45987600
SLG,77590896
SLGN,110871000
SLM,375096000
SLP,17768000
SM,112989000
SMAR,119346000
SMBC,9128290
SMG,55502000
SMHI,23027200
SMP,22313200
SMPL,95378496
SMTC,65132000
SNA,54354200
SNCR,44600800
SND,41756300
SNDX,30240800
SNR,82880200
SNX,51476000
SO,1055960000
SOI,29394900
SON,100338000
SONA,24297700
SONO,110002000
SP,22997100
SPAR,35427100
SPB,43056300
SPFI,18056000
SPKE,14395500
SPLK,158838000
SPNE,27239200
SPOK,19005200
SPOT,185955008
SPR,105544000
SPSC,34927800
SPT,40404000
SPWH,43230000
SPWR,169755008
SPXC,44559400
SQ,362988000
SRCE,25535600
SRCL,91413104
SRDX,13605800
SRE,292532992
SRG,38552900
SRI,26986900
SRRK,29678400
SSD,44365500
SSNC,256059008
SSTI,11399300
SSTK,35631000
SSYS,54436900
ST,157162000
STAG,148712992
STAY,177482000
STBA,39125400
STC,23679900
STFC,43700000
STIM,18729000
STLD,212679008
STML,52472800
STOK,32959800
STOR,244158000
STRA,22214600
STWD,282254016
STXB,17938100
SUI,98269504
SUM,114111000
SUPN,52537700
SVMK,138070000
SVRA,50842600
SWAV,31862200
SWCH,102820000
SWI,311801984
SWK,154127008
SWKS,166836000
SWM,31195600
SWN,541689024
SWTX,43001400
SWX,55117900
SXC,82761200
SXI,12452700
SXT,42357700
SYBX,32459400
SYF,583708032
SYK,375377984
SYKE,40503700
SYNA,33940400
SYNL,9058040
SYRS,45690700
SYY,507198016
T,7125000192
TACO,37081000
TALO,54342300
TAST,51847700
TBBK,57325600
TBIO,62885200
TBNK,9658550
TBPH,63002300
TCBI,50426100
TCBK,29973500
TCDA,49855300
TCF,152186000
TCFC,5910060
TCMD,19233000
TCO,61608400
TCRR,24075900
TCS,49368100
TDC,110560000
TDG,54072300
TDOC,74453296
TDW,40282900
TDY,36663600
TEAM,123182000
TECD,35498800
TECH,38351700
TEN,60948600
TER,165768000
TFSL,280140000
TFX,46425400
TG,33503000
TGH,54870500
TGI,51849200
TH,102360000
THFF,13714500
THO,55198800
THR,32884800
THS,56263600
TIF,121335000
TISI,30627500
TITN,22316000
TJX,1197830016
TKR,75066200
TLRD,48422500
TLYS,22362600
TMDX,21361500
TMO,394951008
TMST,44938100
TMUS,1235760000
TNAV,47231300
TNC,18442500
TNET,67290400
TOCA,23918900
TOL,126732000
TOWN,72649696
TPB,19556200
TPH,130237000
TPIC,36753300
TPTX,35925200
TPX,52098500
TR,38740700
TRC,26220500
TREE,13063900
TREX,57853200
TRGP,233108992
TRHC,22381600
TRIP,121326000
TRMB,249728992
TRN,117834000
TRNO,67695800
TRNS,7380340
TROW,227548992
TROX,143366000
TRS,43409600
TRST,96433000
TRTN,70275904
TRTX,76651000
TRU,189800000
TRWH,30953500
TSBK,8309190
TSC,29762600
TSCO,116025000
TSE,38239000
TSLA,185371008
TSN,294310016
TTC,106979000
TTD,40865000
TTEK,54026100
TTGT,27528800
TTI,125729000
TTMI,105957000
TTWO,113424000
TUP,49014000
TUSK,45108500
TWI,60602300
TWIN,13406000
TWLO,128614000
TWOU,63958800
TWST,35446300
TWTR,784628992
TXMD,271683008
TXN,917772992
TXRH,69355104
TXT,227472000
TYME,122840000
UA,229070000
UAA,188400992
UBA,29991500
UBER,1727299968
UBFO,16974200
UBSI,129780000
UBX,49025300
UCTT,39900000
UDR,294880992
UE,116534000
UEC,183910000
UEIC,13912200
UFPT,7482840
UGI,208548000
UHAL,19607800
UHS,78351104
UHT,13758000
UIHC,42943400
ULH,27159100
ULTA,56309500
UMBF,48136900
UMH,41166000
UNB,4473200
UNFI,53617900
UNM,203420000
UNP,678568000
UNT,55423600
UNTY,10883300
UNVR,168879008
UPLD,25329100
UPS,702540992
UPWK,115143000
URBN,98259296
URGN,21230600
URI,72049504
USCR,16671700
USFD,220282000
USM,52357700
USNA,21014300
USX,33620700
UTHR,43885000
UTL,14959300
UTMD,3642430
UVSP,29187300
UVV,24670400
V,1687110016
VAC,41027400
VALU,9616720
VAPO,21299500
VBTX,49557400
VC,27825000
VCRA,32025500
VCYT,50053400
VEC,11587000
VECO,49020300
VEEV,132213000
VFC,394720000
VG,245338000
VHI,339235008
VICI,468617984
VICR,28903400
VIE,50590200
VIR,116430000
VIRT,121000000
VIVO,42829500
VKTX,72596400
VLY,403744000
VMC,132434000
VMI,21523900
VMW,110788000
VNDA,54242600
VPG,12544200
VRA,33304200
VRAY,147399008
VRCA,25775200
VREX,38807400
VRNS,31468000
VRNT,66824000
VRRM,161650000
VRS,35049900
VRSK,162259008
VRSN,115539000
VRTS,7695440
VRTU,29860500
VRTV,16149700
VRTX,259276992
VSAT,62129300
VSEC,11043200
VSH,132548000
VSLR,124670000
VSTO,57876800
VVV,188448000
VYGR,37164600
W,67677600
WAB,190288992
WAFD,75706096
WAL,100851000
WASH,17252000
WAT,61908700
WATT,36432800
WBA,885862016
WBC,51375600
WBS,90172000
WCC,41873100
WD,31131800
WDAY,172452000
WDC,298932000
WDFC,13668400
WDR,65622700
WEC,315435008
WERN,69086704
WEX,43355700
WEYS,9817580
WGO,33696900
WH,93106896
WHD,47400600
WHG,8372340
WHR,62163100
WIFI,44325800
WING,29583400
WIRE,20557200
WK,38583900
WLDN,11545400
WLFC,6023010
WLK,127672000
WLTW,128736000
WMB,1213200000
WMC,53423900
WMGI,128818000
WMK,26898400
WMS,68785904
WMT,2837179904
WNC,52846900
WNEB,25644300
WOR,55547300
WOW,86658800
WPC,172403008
WPX,559364992
WRB,178724000
WRE,82317104
WRK,259255008
WRLD,7932310
WSBC,67224000
WSC,110555000
WSFS,50633000
WSM,77213504
WSO,32756100
WSR,42046700
WTBA,16447300
WTFC,57569400
WTI,141668992
WTRE,19786000
WTRH,88725600
WTS,27597800
WTTR,87991800
WU,410904992
WVE,34541500
WWD,62364700
WWE,46316100
WWW,81187800
WY,746206016
WYND,85134800
WYNN,107868000
XAN,32042100
XBIT,28365200
XEC,102102000
XELA,150699008
XENT,32297800
XERS,37570100
XFOR,16142300
XHR,113406000
XLNX,248836992
XLRN,53523100
XNCR,57004800
XOG,138104000
XRX,212831008
XYL,179916000
Y,14309700
YELP,71880896
YETI,86894304
YEXT,117459000
YMAB,39728400
YORW,13025300
YUMC,376100992
Z,144308992
ZBH,206682000
ZBRA,53091600
ZEN,114226000
ZEUS,10995700
ZG,59476200
ZION,163862000
ZNGA,955766016
ZTS,474940992
ZUMZ,25410100
ZUO,93700000
ZYNE,23580300
TRUE,107184000
